1;Bennie Hodkiewicz;1
2;Octavia Huels;2
3;Elta Okuneva;3
4;Mr. Destin Murazik;4
5;Shaniya Hane;5
6;Abbie Ratke;6
7;Mrs. Michelle Lubowitz;7
8;Kassandra Emmerich PhD;8
9;Mallie Kautzer;1
10;Nichole Swaniawski;2
11;Modesta Ritchie;3
12;Alena Runte;4
13;Dr. Aurelia Wisozk;5
14;Aubrey Larkin I;6
15;Miss Jarrell Zulauf;7
16;Craig Stroman DDS;8
17;Erica Weissnat;1
18;Miss Clementina Kihn;2
19;Christopher Hilpert;3
20;Mrs. Aileen Stark;4
21;Nikolas Davis;5
22;Claud OKeefe;6
23;Claudie Fahey DVM;7
24;Berenice Casper;8
25;Rolando Olson;1
26;Wilber Stark;2
27;Geovanni Stamm;3
28;Lennie Hodkiewicz;4
29;Destinee Cummings;5
30;Liliane Cruickshank;6
31;Ms. Katherine Boyer;7
32;Freddie Torp;8
33;Mr. Laury Bins;1
34;Brooke Bechtelar;2
35;Dr. Shana Schuster;3
36;Oral Gleichner;4
37;Sheridan Reynolds;5
38;Ms. Evelyn Keebler;6
39;Junior Stark;7
40;Duane Fahey Sr.;8
41;Ophelia Hilll MD;1
42;Hobart Streich;2
43;Stanley Mohr;3
44;Deon Stokes;4
45;Garth Schneider;5
46;Dejon Waters DDS;6
47;Miss Elva Feeney;7
48;Regan Howe;8
49;Marc Homenick;1
50;Lenore Trantow;2
51;Emmet Cruickshank;3
52;Ben Tremblay;4
53;Madie Bergnaum V;5
54;Eladio Wehner;6
55;Omer Conroy III;7
56;Helen Lind;8
57;Mrs. Johnathon Hettinger;1
58;Ms. Ardella Rosenbaum;2
59;Shany Kohler;3
60;Abbey Spinka;4
61;Haylee Powlowski;5
62;Rosario Schulist PhD;6
63;Dovie Torphy;7
64;Otis Boyer;8
65;Johann Brekke;1
66;Ernest Willms;2
67;Terrell Oberbrunner;3
68;Ottis Romaguera;4
69;Alysha Volkman;5
70;Leonardo Aufderhar;6
71;Carolyne Leffler II;7
72;Mrs. Eve Carter;8
73;Loren Steuber;1
74;Arianna Wiegand;2
75;Miss Sid Little;3
76;Hermina Rowe;4
77;Maudie Keebler;5
78;Julia Ferry;6
79;Kristofer Bartoletti;7
80;Amalia Zboncak;8
81;Jo Bernier;1
82;Zola Ernser DDS;2
83;Santina Larson;3
84;Oda Pfeffer;4
85;Sidney Koch;5
86;Mrs. Adeline Ryan;6
87;Haylee Kautzer;7
88;Emanuel Bins;8
89;Gerhard Ziemann;1
90;Saul Rolfson;2
91;Billy Haag;3
92;Evie Beier PhD;4
93;Gudrun Mitchell;5
94;Pierce Batz V;6
95;Walton Shanahan;7
96;Miss Patience Gutkowski;8
97;Rozella Johnson;1
98;Dr. Rod Conn;2
99;Trevor Kilback;3
100;Raheem Grady;4
